{
  "Merlin": {
    "epoch_0": {}
  },
  "MappedCollection": {
    "epoch_0": {}
  },
  "cellxgene_census": {
    "epoch_0": {
      "time_per_sample": 946.4118355775581,
      "samples_per_sec": 1056.622458012414,
      "batch_times": [
        0.5669107437133789,
        1.537851095199585,
        0.10442423820495605,
        0.0986485481262207,
        0.1056058406829834,
        0.10325932502746582,
        0.10774350166320801,
        7.493406534194946,
        0.13289260864257812,
        1.7179481983184814,
        0.606940507888794,
        0.12613153457641602,
        0.18005847930908203,
        0.17359137535095215,
        0.25761985778808594,
        0.28278517723083496,
        7.261744976043701,
        0.12972760200500488,
        1.5608677864074707,
        0.12809419631958008,
        0.5941059589385986,
        0.17369341850280762,
        0.16571259498596191,
        0.20813632011413574,
        7.03926420211792,
        0.1300215721130371,
        0.13744878768920898,
        0.13117027282714844,
        0.13716697692871094,
        0.13648581504821777,
        0.6416280269622803,
        0.13326764106750488,
        0.13846945762634277,
        0.2809128761291504
      ]
    }
  }
}