{
  "Merlin": {
    "epoch_0": {}
  },
  "MappedCollection": {
    "epoch_0": {}
  },
  "cellxgene_census": {
    "epoch_0": {
      "time_per_sample": 1147.0343057925884,
      "samples_per_sec": 871.8135063179394,
      "batch_times": [
        0.5814955234527588,
        1.6976597309112549,
        0.1009678840637207,
        0.0953071117401123,
        0.10119104385375977,
        0.09757304191589355,
        0.10268950462341309,
        0.10646581649780273,
        7.336255788803101,
        0.09567499160766602,
        2.2123284339904785,
        0.10641646385192871,
        0.10191845893859863,
        0.09605646133422852,
        0.10148477554321289,
        0.09816932678222656,
        0.10313129425048828,
        9.939316511154175,
        0.1373147964477539,
        1.7178852558135986,
        0.6198670864105225,
        0.16960668563842773,
        0.1802065372467041,
        0.22495245933532715,
        0.34746289253234863,
        0.3547816276550293,
        8.155397891998291,
        0.1414327621459961,
        1.7450871467590332,
        0.13625526428222656,
        0.6174085140228271,
        0.18534445762634277,
        0.2676875591278076,
        0.3506767749786377,
        0.2875862121582031,
        0.2944035530090332,
        7.264559268951416,
        0.11761164665222168,
        0.12347173690795898,
        1.722299337387085,
        0.5836412906646729,
        0.16990399360656738,
        0.16353607177734375,
        0.16030669212341309,
        0.24429059028625488,
        8.29587197303772,
        0.13528156280517578,
        1.7252659797668457,
        0.14096808433532715,
        0.13151788711547852,
        0.6221387386322021,
        0.2389543056488037,
        0.26142072677612305,
        0.33979177474975586,
        6.738457441329956,
        0.10898184776306152,
        0.11678218841552734,
        1.705655813217163,
        0.15415310859680176,
        0.15040850639343262,
        0.6412465572357178,
        0.3610835075378418,
        0.3529198169708252,
        0.3072042465209961,
        6.34679102897644,
        0.09771156311035156,
        1.8461928367614746,
        0.10789227485656738,
        0.1038670539855957,
        0.09782195091247559,
        0.5715587139129639,
        0.15713000297546387,
        0.2221677303314209,
        7.493993759155273,
        0.11035394668579102,
        1.7573225498199463,
        0.12720608711242676,
        0.10400557518005371,
        0.11099576950073242,
        0.10663652420043945,
        0.5817475318908691,
        0.21563291549682617,
        7.977385520935059,
        0.12327933311462402,
        1.6890981197357178,
        0.13342022895812988,
        0.1333479881286621,
        0.12711334228515625,
        0.13270092010498047,
        0.12714815139770508,
        0.6829261779785156,
        0.2744112014770508,
        11.272774696350098,
        0.14876222610473633,
        1.8032169342041016,
        0.13297462463378906,
        0.1399996280670166,
        0.13659286499023438,
        0.14321160316467285,
        0.1849527359008789,
        0.6886711120605469,
        7.167517423629761,
        0.12131118774414062,
        1.52028489112854,
        0.12868571281433105,
        0.10382747650146484,
        0.11053347587585449,
        0.10592317581176758,
        0.1120302677154541,
        0.10559463500976562,
        8.719413995742798,
        1.9491355419158936,
        0.11605668067932129,
        0.10732913017272949,
        0.11498117446899414,
        0.10938262939453125,
        0.1142117977142334,
        0.15930867195129395,
        0.1655120849609375,
        0.19726300239562988,
        11.53230357170105,
        0.1371901035308838,
        0.13524317741394043,
        0.1384871006011963,
        0.1427474021911621,
        0.13618159294128418,
        0.13669753074645996,
        0.13085031509399414,
        0.13737177848815918,
        0.31650376319885254
      ]
    }
  }
}