{
  "Merlin": {
    "epoch_0": {}
  },
  "MappedCollection": {
    "epoch_0": {}
  },
  "cellxgene_census": {
    "epoch_0": {
      "time_per_sample": 541.567077072194,
      "samples_per_sec": 1846.4933381958415,
      "batch_times": [
        0.6134161949157715,
        0.25681495666503906,
        0.2508077621459961,
        0.24675512313842773,
        0.24196600914001465,
        0.1641249656677246,
        0.1556248664855957,
        0.15439176559448242,
        4.0863261222839355,
        0.18234682083129883,
        0.6733942031860352,
        0.36175966262817383,
        0.28763508796691895,
        0.19795799255371094,
        0.1880970001220703,
        0.2562277317047119,
        0.1893467903137207,
        1.4633080959320068,
        0.1565837860107422,
        0.14290261268615723,
        0.6892280578613281,
        0.24863409996032715,
        0.24381136894226074,
        0.16660141944885254,
        0.15013360977172852,
        0.1434774398803711,
        4.177010774612427,
        0.17635679244995117,
        0.19033479690551758,
        0.26047778129577637,
        0.7393524646759033,
        0.20389747619628906,
        0.19793224334716797,
        0.354095458984375,
        0.19427132606506348,
        0.18555307388305664,
        3.6769442558288574,
        0.18289422988891602,
        0.18740415573120117,
        0.3278236389160156,
        0.881638765335083,
        0.1911640167236328,
        0.203049898147583,
        0.2479991912841797,
        0.19570016860961914,
        2.6428987979888916,
        0.17194509506225586,
        0.15248823165893555,
        0.25063300132751465,
        0.3029932975769043,
        0.7550137042999268,
        0.17291831970214844,
        0.16090846061706543,
        0.31427669525146484,
        3.741726875305176,
        0.18144655227661133,
        0.1866767406463623,
        0.3298473358154297,
        0.3492593765258789,
        0.27428126335144043,
        0.7491495609283447,
        0.2595865726470947,
        0.1910254955291748,
        0.1867682933807373,
        1.6694324016571045,
        0.15454792976379395,
        0.1528153419494629,
        0.2585160732269287,
        0.3497273921966553,
        0.30661678314208984,
        0.7798018455505371,
        0.1570425033569336,
        0.2933659553527832,
        3.0430917739868164,
        0.17189717292785645,
        0.15673375129699707,
        0.2567260265350342,
        0.24980950355529785,
        0.2502715587615967,
        0.24137449264526367,
        0.7433526515960693,
        0.25597548484802246,
        1.8480396270751953,
        0.15565991401672363,
        0.15562868118286133,
        0.20392894744873047,
        0.23785614967346191,
        0.24520516395568848,
        0.2584803104400635,
        0.2730984687805176,
        0.6999726295471191,
        0.2745990753173828,
        3.233682632446289,
        0.1729271411895752,
        0.16730308532714844,
        0.30753350257873535,
        0.3321077823638916,
        0.3228311538696289,
        0.3316810131072998,
        0.3207859992980957,
        0.7041614055633545,
        3.545159101486206,
        0.18101882934570312,
        0.17481088638305664,
        0.31952404975891113,
        0.3352625370025635,
        0.2877845764160156,
        0.2886030673980713,
        0.27582454681396484,
        0.18055391311645508,
        3.879495143890381,
        0.25808143615722656,
        0.27329301834106445,
        0.23752188682556152,
        0.3082275390625,
        0.2319498062133789,
        0.16692662239074707,
        0.1545090675354004,
        0.17324304580688477,
        0.24439167976379395,
        3.4368038177490234,
        0.11884188652038574,
        0.11088132858276367,
        0.10570383071899414,
        0.12540960311889648,
        0.11379241943359375,
        0.11146330833435059,
        0.10915851593017578,
        0.11121892929077148,
        0.24683094024658203
      ]
    }
  }
}