{"data":[{"customdata":[[0,1024],[1,1024],[2,1024],[3,1024],[4,1024],[5,1024],[0,2048],[1,2048],[2,2048],[3,2048],[4,2048],[5,2048],[0,4196],[1,4196],[2,4196],[3,4196],[4,4196],[5,4196],[0,8192],[1,8192],[2,8192],[3,8192],[4,8192],[5,8192],[0,16384],[1,16384],[2,16384],[3,16384],[4,16384],[5,16384]],"marker":{"cmax":14.07,"cmin":10,"color":[10.0,10.0,10.0,10.0,10.0,10.0,11.0,11.0,11.0,11.0,11.0,11.0,12.034798962577268,12.034798962577268,12.034798962577268,12.034798962577268,12.034798962577268,12.034798962577268,13.0,13.0,13.0,13.0,13.0,13.0,14.0,14.0,14.0,14.0,14.0,14.0],"colorbar":{"tickmode":"array","ticktext":["1 KiB","2 KiB","4 KiB","8 KiB","16 KiB"],"tickvals":[10,11,12,13,14],"title":{"text":"SOMA chunk size"}},"colorscale":[[0.0,"rgb(12,51,131)"],[0.25,"rgb(10,136,186)"],[0.5,"rgb(242,211,56)"],[0.75,"rgb(242,143,56)"],[1.0,"rgb(217,30,30)"]],"opacity":[0.4,0.5,0.6000000000000001,0.7,0.8,0.9,0.4,0.5,0.6000000000000001,0.7,0.8,0.9,0.4,0.5,0.6000000000000001,0.7,0.8,0.9,0.4,0.5,0.6000000000000001,0.7,0.8,0.9,0.4,0.5,0.6000000000000001,0.7,0.8,0.9],"showscale":true,"size":12},"mode":"markers","name":"np.array","x":[1411547136,1497325568,1498841088,1583144960,1535852544,1477693440,1954955264,1991987200,1972502528,1971417088,1962442752,1948966912,3474296832,3515015168,3504930816,3469668352,3706597376,3664904192,4893343744,4488523776,4961525760,4798803968,4826370048,5284974592,4936884224,5141315584,5143449600,5287092224,4942106624,5270745088],"y":[2212.559326797311,2215.7907588236185,2188.205587071837,2184.001843836224,2165.412104433594,2201.8228672909654,3932.2274358671875,3922.4670973864213,3957.215731996661,3960.212928203148,3913.9655332656694,3920.992793035367,6634.609311283806,6563.359039255834,6553.554957452219,6584.363777865523,6512.901798731333,6556.031982398605,8795.104721740276,8464.721380164,8675.105100353498,8260.195390440407,8515.06849764839,8378.636005740844,9484.972875555672,9439.579942369945,9532.490977932148,9377.736650216502,9337.855451569445,9462.395215216611],"type":"scatter","xaxis":"x","yaxis":"y"},{"customdata":[[0,1024],[1,1024],[2,1024],[3,1024],[4,1024],[5,1024],[0,2048],[1,2048],[2,2048],[3,2048],[4,2048],[5,2048],[0,4196],[1,4196],[2,4196],[3,4196],[4,4196],[5,4196],[0,8192],[1,8192],[2,8192],[3,8192],[4,8192],[5,8192],[0,16384],[1,16384],[2,16384],[3,16384],[4,16384],[5,16384]],"marker":{"cmax":14.07,"cmin":10,"color":[10.0,10.0,10.0,10.0,10.0,10.0,11.0,11.0,11.0,11.0,11.0,11.0,12.034798962577268,12.034798962577268,12.034798962577268,12.034798962577268,12.034798962577268,12.034798962577268,13.0,13.0,13.0,13.0,13.0,13.0,14.0,14.0,14.0,14.0,14.0,14.0],"colorbar":{"tickmode":"array","ticktext":["1 KiB","2 KiB","4 KiB","8 KiB","16 KiB"],"tickvals":[10,11,12,13,14],"title":{"text":"SOMA chunk size"}},"colorscale":[[0.0,"rgb(12,51,131)"],[0.25,"rgb(10,136,186)"],[0.5,"rgb(242,211,56)"],[0.75,"rgb(242,143,56)"],[1.0,"rgb(217,30,30)"]],"opacity":[0.4,0.5,0.6000000000000001,0.7,0.8,0.9,0.4,0.5,0.6000000000000001,0.7,0.8,0.9,0.4,0.5,0.6000000000000001,0.7,0.8,0.9,0.4,0.5,0.6000000000000001,0.7,0.8,0.9,0.4,0.5,0.6000000000000001,0.7,0.8,0.9],"showscale":true,"size":12},"mode":"markers","name":"scipy.coo","x":[2328289280,2307633152,2297446400,2434015232,2412396544,2352844800,2820415488,2835611648,2726240256,2747191296,2663038976,2810843136,3603120128,3712172032,3598098432,3488083968,3696926720,3624828928,5623599104,5327056896,4600360960,4986146816,5368958976,5846020096,6047858688,5197533184,6380187648,5367209984,6203670528,5794316288],"y":[2561.0532653131104,2583.355482658701,2550.192709045292,2558.116437516975,2552.7366972088253,2555.3592050912894,2915.3571849477908,2915.915577860566,2944.1418745071296,2925.31920778778,2935.7024490688586,2948.8012235846413,3018.5589768517593,3015.0286397391533,3034.183703338534,2999.963258050562,2978.387276331919,3015.9396835205566,2947.4843363969067,2940.744537833667,2966.3867133038716,2983.007039790136,2997.3181883714064,2976.4379891199264,2819.9254886088725,2877.51650419194,2789.576831626206,2775.9258171575716,2950.110442013467,2749.649724009436],"type":"scatter","xaxis":"x2","yaxis":"y2"},{"customdata":[[0,1024],[1,1024],[2,1024],[3,1024],[4,1024],[5,1024],[0,2048],[1,2048],[2,2048],[3,2048],[4,2048],[5,2048],[0,4196],[1,4196],[2,4196],[3,4196],[4,4196],[5,4196],[0,8192],[1,8192],[2,8192],[3,8192],[4,8192],[5,8192],[0,16384],[1,16384],[2,16384],[3,16384],[4,16384],[5,16384]],"marker":{"cmax":14.07,"cmin":10,"color":[10.0,10.0,10.0,10.0,10.0,10.0,11.0,11.0,11.0,11.0,11.0,11.0,12.034798962577268,12.034798962577268,12.034798962577268,12.034798962577268,12.034798962577268,12.034798962577268,13.0,13.0,13.0,13.0,13.0,13.0,14.0,14.0,14.0,14.0,14.0,14.0],"colorbar":{"tickmode":"array","ticktext":["1 KiB","2 KiB","4 KiB","8 KiB","16 KiB"],"tickvals":[10,11,12,13,14],"title":{"text":"SOMA chunk size"}},"colorscale":[[0.0,"rgb(12,51,131)"],[0.25,"rgb(10,136,186)"],[0.5,"rgb(242,211,56)"],[0.75,"rgb(242,143,56)"],[1.0,"rgb(217,30,30)"]],"opacity":[0.4,0.5,0.6000000000000001,0.7,0.8,0.9,0.4,0.5,0.6000000000000001,0.7,0.8,0.9,0.4,0.5,0.6000000000000001,0.7,0.8,0.9,0.4,0.5,0.6000000000000001,0.7,0.8,0.9,0.4,0.5,0.6000000000000001,0.7,0.8,0.9],"showscale":true,"size":12},"mode":"markers","name":"scipy.csr","x":[2579263488,2592112640,2569551872,2533142528,2591813632,2547032064,3000299520,3038449664,3054637056,2972745728,3061424128,2961170432,3919220736,4068495360,3820990464,3813453824,4096888832,4123676672,5054791680,5965725696,5056434176,5304397824,5616082944,5484175360,4702629888,4788670464,4355403776,5169561600,5182763008,5128966144],"y":[2406.2869084896843,2421.360437495756,2407.92397373099,2414.9746071146565,2436.236201330988,2410.345785868993,2848.531548181631,2839.080134246461,2830.8085114577166,2792.425182789426,2826.1371653344218,2821.3764125477273,2962.874531685759,2988.737775796,3009.5457271593787,3037.308258938791,2990.4879644748303,3037.4439281300533,3060.127487528021,2938.4171337146126,3057.2389109207793,2982.3215990987264,3037.0569658096238,2980.650512085587,2943.446637811538,3165.3228914730576,3150.8003255131066,3093.917718465932,2928.0061083466912,2957.487891979724],"type":"scatter","xaxis":"x3","yaxis":"y3"}],"layout":{"template":{"data":{"histogram2dcontour":[{"type":"histogram2dcontour","colorbar":{"outlinewidth":0,"ticks":""},"colorscale":[[0.0,"#0d0887"],[0.1111111111111111,"#46039f"],[0.2222222222222222,"#7201a8"],[0.3333333333333333,"#9c179e"],[0.4444444444444444,"#bd3786"],[0.5555555555555556,"#d8576b"],[0.6666666666666666,"#ed7953"],[0.7777777777777778,"#fb9f3a"],[0.8888888888888888,"#fdca26"],[1.0,"#f0f921"]]}],"choropleth":[{"type":"choropleth","colorbar":{"outlinewidth":0,"ticks":""}}],"histogram2d":[{"type":"histogram2d","colorbar":{"outlinewidth":0,"ticks":""},"colorscale":[[0.0,"#0d0887"],[0.1111111111111111,"#46039f"],[0.2222222222222222,"#7201a8"],[0.3333333333333333,"#9c179e"],[0.4444444444444444,"#bd3786"],[0.5555555555555556,"#d8576b"],[0.6666666666666666,"#ed7953"],[0.7777777777777778,"#fb9f3a"],[0.8888888888888888,"#fdca26"],[1.0,"#f0f921"]]}],"heatmap":[{"type":"heatmap","colorbar":{"outlinewidth":0,"ticks":""},"colorscale":[[0.0,"#0d0887"],[0.1111111111111111,"#46039f"],[0.2222222222222222,"#7201a8"],[0.3333333333333333,"#9c179e"],[0.4444444444444444,"#bd3786"],[0.5555555555555556,"#d8576b"],[0.6666666666666666,"#ed7953"],[0.7777777777777778,"#fb9f3a"],[0.8888888888888888,"#fdca26"],[1.0,"#f0f921"]]}],"heatmapgl":[{"type":"heatmapgl","colorbar":{"outlinewidth":0,"ticks":""},"colorscale":[[0.0,"#0d0887"],[0.1111111111111111,"#46039f"],[0.2222222222222222,"#7201a8"],[0.3333333333333333,"#9c179e"],[0.4444444444444444,"#bd3786"],[0.5555555555555556,"#d8576b"],[0.6666666666666666,"#ed7953"],[0.7777777777777778,"#fb9f3a"],[0.8888888888888888,"#fdca26"],[1.0,"#f0f921"]]}],"contourcarpet":[{"type":"contourcarpet","colorbar":{"outlinewidth":0,"ticks":""}}],"contour":[{"type":"contour","colorbar":{"outlinewidth":0,"ticks":""},